{
    "K": [
        [
            2764.7999999999997,
            0,
            1152.0
        ],
        [
            0,
            2764.7999999999997,
            648.0
        ],
        [
            0,
            0,
            1
        ]
    ],
    "dist": [
        0.0,
        0.0,
        0.0,
        0.0,
        0.0
    ],
    "rvec": [
        0.0,
        0.0,
        0.0
    ],
    "tvec": [
        0.0,
        0.0,
        500.0
    ],
    "floor_z": 0.0
}